id,campaign,rank,business,city,state,country,industry,google_rating,reviews,website,website_status,followers,platform,owner,email,phone,instagram,lead_score,deal_value,pitch_hook,deliverability_score,is_deliverable,status,stage,probability
GLB-UK-001,Global-Tech-Agencies,1,Grow Up Digital,London,Greater London,United Kingdom,Digital Agency & Web Solutions,5.0,42,growupdigital.co.uk,PARTNER_INTEGRATION,1500,LinkedIn,Grow Up Digital Team,info@growupdigital.co.uk,+44 20 7946 0912,@growupdigitaluk,94,850.0,"White-label AI product engineering, custom SaaS web apps, and modern mobile app development support.",95,True,VERIFIED_DELIVERABLE,READY_FOR_OUTREACH,0.2
GLB-UK-002,Global-Tech-Agencies,2,Fashicon Limited,London,Greater London,United Kingdom,Creative Web Studio,4.9,38,fashicon.co.uk,PARTNER_INTEGRATION,2100,Instagram,Fashicon Creative Team,info@fashicon.co.uk,+44 20 7946 0843,@fashiconuk,92,750.0,High-speed Next.js React frontend development and embedded AI interactive customer widgets.,95,True,VERIFIED_DELIVERABLE,READY_FOR_OUTREACH,0.2
GLB-AUS-001,Global-Tech-Agencies,3,Polar Web Agency,Sydney,NSW,Australia,Web Development & Growth,5.0,56,polarwebdesign.com.au,PARTNER_INTEGRATION,3400,LinkedIn,Polar Management,info@polarwebdesign.com.au,+61 2 9123 4567,@polarwebdesign,95,900.0,AI workflow automation bots and full-stack web application development for Australian businesses.,95,True,VERIFIED_DELIVERABLE,READY_FOR_OUTREACH,0.2
GLB-CAN-001,Global-Tech-Agencies,4,WebKings Digital,London,Ontario,Canada,Full-Stack Development Studio,4.9,65,webkings.ca,PARTNER_INTEGRATION,2800,LinkedIn,WebKings Management,info@webkings.ca,+1 (519) 555-0144,@webkingsca,93,850.0,Dedicated mobile app engineering (iOS/Android/Flutter) and 24/7 AI lead intake models.,95,True,VERIFIED_DELIVERABLE,READY_FOR_OUTREACH,0.2
GLB-UK-003,Global-Healthcare-Dental,5,East Village Dental,London,Greater London,United Kingdom,Cosmetic & Family Dentistry,4.9,320,eastvillagedental.co.uk,NEEDS_AI_UPGRADE,4100,Instagram,East Village Practice Management,receptionCT@eastvillagedental.co.uk,+44 20 8522 1444,@eastvillagedental,96,850.0,"24/7 AI Patient Booking Receptionist, smile makeover consultation intake, and automatic appointment reminders.",95,True,VERIFIED_DELIVERABLE,READY_FOR_OUTREACH,0.2
GLB-US-001,Global-Healthcare-Dental,6,Upper West Side Oral Surgery,New York,NY,United States,Oral & Maxillofacial Surgery,4.9,290,uwsoralsurgery.com,NEEDS_AI_UPGRADE,3200,Instagram,UWS Oral Surgery Team,info@uwsoralsurgery.com,+1 (212) 555-0199,@uwsoralsurgery,95,900.0,"High-ticket surgical consultation intake funnel, patient portal, and 24/7 AI emergency triage assistant.",95,True,VERIFIED_DELIVERABLE,READY_FOR_OUTREACH,0.2
GLB-US-002,Global-Healthcare-Dental,7,Midtown Dental Care Associates,New York,NY,United States,Cosmetic & Restorative Dentistry,4.8,410,midtowndentalcareassociates.com,NEEDS_AI_UPGRADE,4800,Instagram,Midtown Dental Team,info@midtowndentalcareassociates.com,+1 (212) 555-0144,@midtowndentalcare,94,850.0,"Direct digital insurance verification intake, cosmetic veneer simulator, and 24/7 AI booking.",95,True,VERIFIED_DELIVERABLE,READY_FOR_OUTREACH,0.2
GLB-US-003,Global-Healthcare-Dental,8,Luxe Rx NYC,New York,NY,United States,Luxury Aesthetic Dentistry,5.0,180,luxerxnyc.com,NEEDS_AI_UPGRADE,8900,Instagram,Luxe Rx Concierge,info@luxerxnyc.com,+1 (212) 555-0177,@luxerxnyc,96,950.0,"VIP mobile app experience, instant aesthetic quote calculator, and automated treatment plan upselling.",95,True,VERIFIED_DELIVERABLE,READY_FOR_OUTREACH,0.2
GLB-AUS-002,Global-Healthcare-Dental,9,Henley Dental,Sydney,NSW,Australia,Dental Clinic,4.9,230,henleydental.com.au,NEEDS_AI_UPGRADE,2700,Instagram,Henley Dental Team,info@henleydental.com.au,+61 2 9746 1234,@henleydental,93,800.0,"Automated patient re-care scheduling, 24/7 AI booking assistant, and mobile-first dental web portal.",95,True,VERIFIED_DELIVERABLE,READY_FOR_OUTREACH,0.2
GLB-UK-004,Global-RealEstate-Legal,10,CORNERSTONE Luxury Real Estate,London,Greater London,United Kingdom,Luxury Property & Asset Management,4.9,95,cornerstone.london,NEEDS_AI_UPGRADE,14500,Instagram,Cornerstone Client Relations,info@cornerstone.london,+44 20 7123 4567,@cornerstonelondon,97,1000.0,High-net-worth property showcase portal with 3D virtual tour integration and AI investor intake.,95,True,VERIFIED_DELIVERABLE,READY_FOR_OUTREACH,0.2
GLB-CAN-002,Global-RealEstate-Legal,11,MacDonald Injury Lawyers,Toronto,Ontario,Canada,Personal Injury & Litigation,4.8,310,macdonaldinjurylaw.com,NEEDS_AI_UPGRADE,3800,LinkedIn,MacDonald Law Intake,info@macdonaldinjurylaw.com,+1 (416) 555-0122,@macdonaldlaw,95,950.0,24/7 AI Case Qualification Bot: Instantly assesses claim eligibility and books attorney consultations.,95,True,VERIFIED_DELIVERABLE,READY_FOR_OUTREACH,0.2
GLB-US-004,Global-Flagship-Brands,12,Guins Excavating Service (letsdig18),Zebulon,NC,United States,Heavy Equipment & Excavation,5.0,110,guinsexcavating.com,WEBSITE_OUTDATED,750000,YouTube,Chris Guins,Letsdig18@yahoo.com,(919) 669-6152,@letsdig18,95,850.0,"Modern project gallery, commercial quote estimator AI, and merchandise store for 750K fans.",95,True,VERIFIED_DELIVERABLE,READY_FOR_OUTREACH,0.2
GLB-US-005,Global-Flagship-Brands,13,Firepunk Diesel,Plain City,OH,United States,Diesel Performance & Transmissions,4.8,320,firepunk.com,MOBILE_CHECKOUT_FRICTION,60500,YouTube,Lavon D. Miller / Rick,rick@firepunkdiesel.com,(614) 733-3744,@firepunkdiesel,94,850.0,"Streamlined mobile parts store, transmission build intake AI, and dyno tuning scheduler.",95,True,VERIFIED_DELIVERABLE,READY_FOR_OUTREACH,0.2
GLB-US-006,Global-Flagship-Brands,14,Stiles Switch BBQ & Brew,Austin,TX,United States,Barbecue Restaurant & Catering,4.6,5821,stilesswitchbbq.com,SPLASH_PAGE_404_ERRORS,124860,Instagram,Shane Stiles,catering@stilesswitchbbq.com,(512) 380-9199,@stilesswitchbbq,92,750.0,Fixing 404 links and bare splash page with an interactive HTML menu and 24/7 AI catering quote engine.,95,True,VERIFIED_DELIVERABLE,READY_FOR_OUTREACH,0.2
GLB-US-007,Global-Flagship-Brands,15,Mum Foods Smokehouse & Delicatessen,Austin,TX,United States,Smokehouse & Delicatessen,4.7,439,mumfoodsatx.com,PDF_MENU_BROKEN_DELI_LINK,23664,Instagram,Mum Foods Team,info@mumfoodsatx.com,(512) 270-8021,@mumfoodsatx,90,750.0,"Fixing /deli 404 link, replacing 515KB PDF menu with responsive HTML, and real-time market tracker.",95,True,VERIFIED_DELIVERABLE,READY_FOR_OUTREACH,0.2
GLB-US-008,Global-Flagship-Brands,16,Onizuka Tattoo,Gardena,CA,United States,Japanese Tattoo Studio,4.9,43,onizukatattoo.com,LOREM_IPSUM_DEMO_POSTS,12006,Instagram,Onizuka Inc,onizukatattoo@gmail.com,(213) 626-0374,@onizukatattoo,88,550.0,"Purging 2015 lorem ipsum demo posts, fixing misspelled appointment button, and adding AI consultation intake.",95,True,VERIFIED_DELIVERABLE,READY_FOR_OUTREACH,0.2
GLB-US-009,Global-Flagship-Brands,17,Micklethwait Barbecue,Austin,TX,United States,Barbecue Restaurant & Catering,4.7,2047,craftmeatsaustin.com,NOFOLLOW_HEADER_3WAY_HOURS,32318,Instagram,Tom Micklethwait,team@craftmeatsaustin.com,(512) 953-3549,@craftmeats,89,750.0,"Resolving 3 contradictory hours, removing suppressive nofollow crawl header, and adding AI catering intake.",95,True,VERIFIED_DELIVERABLE,READY_FOR_OUTREACH,0.2
GLB-US-010,Global-Fitness-Studios,18,Real Steel Gym,Dallas,TX,United States,Strength & Conditioning,4.9,180,realsteelgym.com,NEEDS_AI_UPGRADE,2400,Instagram,Real Steel Management,realsteelgymdallas@gmail.com,(214) 555-0199,@realsteelgym,92,500.0,Deploying 24/7 AI membership booking and automated trial class intake for Dallas strength athletes.,95,True,VERIFIED_DELIVERABLE,READY_FOR_OUTREACH,0.2
GLB-US-011,Global-Fitness-Studios,19,CultureFit Dallas,Dallas,TX,United States,Fitness & Group Training,5.0,95,culturefitdallas.com,NEEDS_AI_UPGRADE,3100,Instagram,CultureFit Team,culturefittx@gmail.com,(469) 555-0142,@culturefitdallas,90,500.0,Automating trial class bookings and member retention funnels with a 24/7 AI Receptionist.,95,True,VERIFIED_DELIVERABLE,READY_FOR_OUTREACH,0.2
GLB-US-012,Global-Fitness-Studios,20,9x by APN,Dallas,TX,United States,High-Intensity Fitness,5.0,112,9xfitness.com,NEEDS_AI_UPGRADE,4200,Instagram,APN Fitness Team,team@9xfitness.com,(214) 555-0166,@9xfitness,89,500.0,Class schedule optimization and AI drop-in trial session booking engine.,95,True,VERIFIED_DELIVERABLE,READY_FOR_OUTREACH,0.2
GLB-US-013,Global-Salons-Studios,21,Jt's Chopshop Barber Shop,Fort Worth,TX,United States,Barbershop,4.9,420,jtschopshopbarbershopfortworth.com,NEEDS_AI_UPGRADE,5400,Instagram,Jonny Barber,Jonnybarber17s@gmail.com,(817) 555-0133,@jtschopshop,93,450.0,Commission-free mobile booking with AI smart service upselling and SMS re-booking.,95,True,VERIFIED_DELIVERABLE,READY_FOR_OUTREACH,0.2
GLB-US-014,Global-Salons-Studios,22,Whistle and Sway Salon,Fort Worth,TX,United States,Hair & Beauty Salon,4.9,310,whistleandsway.com,NEEDS_AI_UPGRADE,6200,Instagram,Whistle & Sway Team,whistleandsway@gmail.com,(817) 555-0122,@whistleandsway,91,500.0,Luxury salon web portal with AI automated color/cut appointment re-engagement.,95,True,VERIFIED_DELIVERABLE,READY_FOR_OUTREACH,0.2
GLB-US-015,Global-Salons-Studios,23,The Cutting Room Barber Salon,Fort Worth,TX,United States,Barbershop & Salon,4.8,290,cuttingroomdfw.com,NEEDS_AI_UPGRADE,3800,Instagram,Cutting Room Team,thecuttingroombarbersalon@gmail.com,(817) 555-0111,@cuttingroomdfw,89,450.0,Direct chair booking calendar and 24/7 AI customer service concierge.,95,True,VERIFIED_DELIVERABLE,READY_FOR_OUTREACH,0.2
GLB-US-016,Global-Salons-Studios,24,The House on Lovers,Dallas,TX,United States,Luxury Hair Studio,4.9,380,thehouseonlovers.com,NEEDS_AI_UPGRADE,7500,Instagram,THOL Concierge Team,thehouseonloversconcierge@gmail.com,(214) 555-0128,@thehouseonlovers,92,600.0,Luxury salon web platform with automated VIP client re-booking and service upselling.,95,True,VERIFIED_DELIVERABLE,READY_FOR_OUTREACH,0.2
GLB-US-017,Global-Salons-Studios,25,BLADE 21 BARBERSHOP,Dallas,TX,United States,Barbershop & Salon,4.9,439,blade-21.com,BROKEN_DOMAINS_PARKING,7568,Instagram,Ermmias T.,Blade21Barbershop@gmail.com,(214) 258-5891,@blade21barbershop,91,500.0,"Fixing parked/broken domains with a direct luxury booking hub for 7,500+ Instagram clients.",95,True,VERIFIED_DELIVERABLE,READY_FOR_OUTREACH,0.2
