Lead ID,Company Name,Contact Person,Industry / Niche,Country,City,Website,Public Email,Phone,Email Validation Status,Deliverability Score,Current Stage,Campaign,Total Emails Sent,Reminder Count,Follow-up Needed?,Approaching Status,Reply Received?,Reply Date,Reply Intent,Estimated Deal Value ($),Probability (%),Weighted Pipeline ($),Delivery Status,Bounce Status,Last Updated (UTC),Internal Notes
LEAD-0107,Arekibo Digital Dublin,Managing Director,Digital Transformation,IE,Dublin,,hello@arekibo.com,,VALID_MX,95,EMAIL_1_SENT,Campaign 1,1,0,YES,⏳ OUTREACH SENT / WAITING,NO,,NONE,1550.0,15%,232.5,DELIVERED,CLEAN,2026-08-28 12:53:56 UTC,Qualified AI prospect
LEAD-0106,Glider Digital Dublin,Technical Partner,Digital Product Studio,IE,Dublin,,hello@glider.ie,,VALID_MX,95,EMAIL_1_SENT,Campaign 1,1,0,YES,⏳ OUTREACH SENT / WAITING,NO,,NONE,1400.0,15%,210.0,DELIVERED,CLEAN,2026-08-28 12:53:56 UTC,Qualified AI prospect
LEAD-0105,DNA Digital Design NZ,Strategy Director,Digital Experience Design,NZ,Auckland,,hello@dna.co.nz,,VALID_MX,95,EMAIL_1_SENT,Campaign 1,1,0,YES,⏳ OUTREACH SENT / WAITING,NO,,NONE,1500.0,15%,225.0,DELIVERED,CLEAN,2026-08-28 12:53:56 UTC,Qualified AI prospect
LEAD-0104,Resn Digital Auckland,Creative Technologist,Creative Technology Lab,NZ,Auckland,,hello@resn.co.nz,,VALID_MX,95,EMAIL_1_SENT,Campaign 1,1,0,YES,⏳ OUTREACH SENT / WAITING,NO,,NONE,1650.0,15%,247.5,DELIVERED,CLEAN,2026-08-28 12:53:56 UTC,Qualified AI prospect
LEAD-0103,Springload Web Wellington,Technical Director,Digital Agency & Web,NZ,Wellington,,hello@springload.co.nz,,VALID_MX,95,EMAIL_1_SENT,Campaign 1,1,0,YES,⏳ OUTREACH SENT / WAITING,NO,,NONE,1450.0,15%,217.5,DELIVERED,CLEAN,2026-08-28 12:53:56 UTC,Qualified AI prospect
LEAD-0102,Forge and Spark Media,Managing Director,Content & Digital Agency,CA,Vancouver,,hello@forgeandspark.com,,VALID_MX,95,EMAIL_1_SENT,Campaign 1,1,0,YES,⏳ OUTREACH SENT / WAITING,NO,,NONE,1250.0,15%,187.5,DELIVERED,CLEAN,2026-08-28 12:53:56 UTC,Qualified AI prospect
LEAD-0101,SplitMango Vancouver,Studio Manager,Web Development & Design,CA,Vancouver,,hello@splitmango.com,,VALID_MX,95,EMAIL_1_SENT,Campaign 1,1,0,YES,⏳ OUTREACH SENT / WAITING,NO,,NONE,1300.0,15%,195.0,DELIVERED,CLEAN,2026-08-28 12:53:56 UTC,Qualified AI prospect
LEAD-0100,Drive Digital Vancouver,Head of Development,Web & E-Commerce Studio,CA,Vancouver,,hello@drivedigital.ca,,VALID_MX,95,EMAIL_1_SENT,Campaign 1,1,0,YES,⏳ OUTREACH SENT / WAITING,NO,,NONE,1450.0,15%,217.5,DELIVERED,CLEAN,2026-08-28 12:53:56 UTC,Qualified AI prospect
LEAD-0099,Engine Digital Vancouver,Partner & Tech Lead,Digital Product Studio,CA,Vancouver,,hello@enginedigital.com,,VALID_MX,95,EMAIL_1_SENT,Campaign 1,1,0,YES,⏳ OUTREACH SENT / WAITING,NO,,NONE,1600.0,15%,240.0,DELIVERED,CLEAN,2026-08-28 12:53:56 UTC,Qualified AI prospect
LEAD-0098,Sid Lee Digital Montreal,Digital Director,Creative Technology Studio,CA,Montreal,,hello@sidlee.com,,VALID_MX,95,EMAIL_1_SENT,Campaign 1,1,0,YES,⏳ OUTREACH SENT / WAITING,NO,,NONE,1700.0,15%,255.0,DELIVERED,CLEAN,2026-08-28 12:53:56 UTC,Qualified AI prospect
LEAD-0097,Cossette Digital Canada,Technical Director,Digital Communications & Web,CA,Montreal,,hello@cossette.com,,VALID_MX,95,EMAIL_1_SENT,Campaign 1,1,0,YES,⏳ OUTREACH SENT / WAITING,NO,,NONE,1600.0,15%,240.0,DELIVERED,CLEAN,2026-08-28 12:53:56 UTC,Qualified AI prospect
LEAD-0096,Plastic Mobile Toronto,VP of Engineering,Mobile & Web Innovation,CA,Toronto,,hello@plasticmobile.com,,VALID_MX,95,EMAIL_1_SENT,Campaign 1,1,0,YES,⏳ OUTREACH SENT / WAITING,NO,,NONE,1500.0,15%,225.0,DELIVERED,CLEAN,2026-08-28 12:53:56 UTC,Qualified AI prospect
LEAD-0095,Havas CX Canada,Digital Practice Lead,Digital Customer Experience,CA,Toronto,,contact@havas.com,,VALID_MX,95,EMAIL_1_SENT,Campaign 1,1,0,YES,⏳ OUTREACH SENT / WAITING,NO,,NONE,1650.0,15%,247.5,DELIVERED,CLEAN,2026-08-28 12:53:56 UTC,Qualified AI prospect
LEAD-0094,Teehan+Lax Toronto,Product Lead,Digital Product Agency,CA,Toronto,,hello@teehanlax.com,,VALID_MX,95,EMAIL_1_SENT,Campaign 1,1,0,YES,⏳ OUTREACH SENT / WAITING,NO,,NONE,1550.0,15%,232.5,DELIVERED,CLEAN,2026-08-28 12:53:56 UTC,Qualified AI prospect
LEAD-0093,Critical Mass Calgary/Toronto,Technical Lead,Digital Experience Agency,CA,Toronto,,hello@criticalmass.com,,VALID_MX,95,EMAIL_1_SENT,Campaign 1,1,0,YES,⏳ OUTREACH SENT / WAITING,NO,,NONE,1750.0,15%,262.5,DELIVERED,CLEAN,2026-08-28 12:53:56 UTC,Qualified AI prospect
LEAD-0092,Zeroseven Digital Brisbane,Technical Lead,Web & Software Studio,AU,Brisbane,,hello@zeroseven.com.au,,VALID_MX,95,EMAIL_1_SENT,Campaign 1,1,0,YES,⏳ OUTREACH SENT / WAITING,NO,,NONE,1450.0,15%,217.5,DELIVERED,CLEAN,2026-08-28 12:53:56 UTC,Qualified AI prospect
LEAD-0091,Liquice Digital Brisbane,Studio Head,Interactive Web Agency,AU,Brisbane,,hello@liquidinteractive.com.au,,VALID_MX,95,EMAIL_1_SENT,Campaign 1,1,0,YES,⏳ OUTREACH SENT / WAITING,NO,,NONE,1400.0,15%,210.0,DELIVERED,CLEAN,2026-08-28 12:53:56 UTC,Qualified AI prospect
LEAD-0090,Reactive Media Melbourne,Managing Partner,Digital Product Studio,AU,Melbourne,,hello@reactive.com,,VALID_MX,95,EMAIL_1_SENT,Campaign 1,1,0,YES,⏳ OUTREACH SENT / WAITING,NO,,NONE,1450.0,15%,217.5,DELIVERED,CLEAN,2026-08-28 12:53:56 UTC,Qualified AI prospect
LEAD-0089,Evolution7 Melbourne,Agency Principal,Digital Studio & UX,AU,Melbourne,,hello@evolution7.com.au,,VALID_MX,95,EMAIL_1_SENT,Campaign 1,1,0,YES,⏳ OUTREACH SENT / WAITING,NO,,NONE,1350.0,15%,202.5,DELIVERED,CLEAN,2026-08-28 12:53:56 UTC,Qualified AI prospect
LEAD-0088,Isobar Australia,Solutions Lead,Digital Experience Agency,AU,Melbourne,,hello@isobar.com,,VALID_MX,95,EMAIL_1_SENT,Campaign 1,1,0,YES,⏳ OUTREACH SENT / WAITING,NO,,NONE,1750.0,15%,262.5,DELIVERED,CLEAN,2026-08-28 12:53:56 UTC,Qualified AI prospect
LEAD-0087,Luminary Digital Melbourne,Technical Director,Digital Agency & Web,AU,Melbourne,,hello@luminary.com,,VALID_MX,95,EMAIL_1_SENT,Campaign 1,1,0,YES,⏳ OUTREACH SENT / WAITING,NO,,NONE,1650.0,15%,247.5,DELIVERED,CLEAN,2026-08-28 12:53:56 UTC,Qualified AI prospect
LEAD-0086,Frank Digital Sydney,Head of Digital,Digital Transformation,AU,Sydney,,hello@frankdigital.com.au,,VALID_MX,95,EMAIL_1_SENT,Campaign 1,1,0,YES,⏳ OUTREACH SENT / WAITING,NO,,NONE,1500.0,15%,225.0,DELIVERED,CLEAN,2026-08-28 12:53:56 UTC,Qualified AI prospect
LEAD-0085,Nightjar Studio Sydney,Design & Tech Lead,Experience Agency,AU,Sydney,,hello@nightjar.co,,VALID_MX,95,EMAIL_1_SENT,Campaign 1,1,0,YES,⏳ OUTREACH SENT / WAITING,NO,,NONE,1600.0,15%,240.0,DELIVERED,CLEAN,2026-08-28 12:53:56 UTC,Qualified AI prospect
LEAD-0084,Mentally Friendly Sydney,Strategy Director,Digital Product Studio,AU,Sydney,,hello@mentallyfriendly.com,,VALID_MX,95,EMAIL_1_SENT,Campaign 1,1,0,YES,⏳ OUTREACH SENT / WAITING,NO,,NONE,1550.0,15%,232.5,DELIVERED,CLEAN,2026-08-28 12:53:56 UTC,Qualified AI prospect
LEAD-0083,Never Sit Still Studio,Creative Director,Animation & Web Media,AU,Sydney,,hello@neversitstill.com.au,,VALID_MX,95,EMAIL_1_SENT,Campaign 1,1,0,YES,⏳ OUTREACH SENT / WAITING,NO,,NONE,1350.0,15%,202.5,DELIVERED,CLEAN,2026-08-28 12:53:56 UTC,Qualified AI prospect
LEAD-0082,Ustwo Studios London,Studio Principal,Digital Product Studio,GB,London,,hello@ustwo.com,,VALID_MX,95,EMAIL_1_SENT,Campaign 1,1,0,YES,⏳ OUTREACH SENT / WAITING,NO,,NONE,1800.0,15%,270.0,DELIVERED,CLEAN,2026-08-28 12:53:56 UTC,Qualified AI prospect
LEAD-0081,Beyond Agency London,Managing Director,Design & Tech Agency,GB,London,,hello@bynd.com,,VALID_MX,95,EMAIL_1_SENT,Campaign 1,1,0,YES,⏳ OUTREACH SENT / WAITING,NO,,NONE,1650.0,15%,247.5,DELIVERED,CLEAN,2026-08-28 12:53:56 UTC,Qualified AI prospect
LEAD-0080,Novoda Mobile Engineering,Engineering Lead,Mobile & Cloud Engineering,GB,London,,hello@novoda.com,,VALID_MX,95,EMAIL_1_SENT,Campaign 1,1,0,YES,⏳ OUTREACH SENT / WAITING,NO,,NONE,1500.0,15%,225.0,DELIVERED,CLEAN,2026-08-28 12:53:56 UTC,Qualified AI prospect
LEAD-0079,Modern Human Studio,Director of Research,Digital Innovation Studio,GB,London,,hello@modernhuman.co.uk,,VALID_MX,95,EMAIL_1_SENT,Campaign 1,1,0,YES,⏳ OUTREACH SENT / WAITING,NO,,NONE,1300.0,15%,195.0,DELIVERED,CLEAN,2026-08-28 12:53:56 UTC,Qualified AI prospect
LEAD-0078,Ribot Studio UK,Design Lead,Mobile & Web Experience,GB,London,,hello@ribot.co.uk,,VALID_MX,95,EMAIL_1_SENT,Campaign 1,1,0,YES,⏳ OUTREACH SENT / WAITING,NO,,NONE,1350.0,15%,202.5,DELIVERED,CLEAN,2026-08-28 12:53:56 UTC,Qualified AI prospect
LEAD-0077,Deeson Digital London,Technical Director,Open-Source Web Systems,GB,London,,hello@deeson.co.uk,,VALID_MX,95,EMAIL_1_SENT,Campaign 1,1,0,YES,⏳ OUTREACH SENT / WAITING,NO,,NONE,1400.0,15%,210.0,DELIVERED,CLEAN,2026-08-28 12:53:56 UTC,Qualified AI prospect
LEAD-0076,Clearleft Digital Agency,Experience Director,UX & Web Architecture,GB,London,,hello@clearleft.com,,VALID_MX,95,EMAIL_1_SENT,Campaign 1,1,0,YES,⏳ OUTREACH SENT / WAITING,NO,,NONE,1450.0,15%,217.5,DELIVERED,CLEAN,2026-08-28 12:53:56 UTC,Qualified AI prospect
LEAD-0075,Red Badger London,Delivery Director,Digital Transformation,GB,London,,hello@red-badger.com,,VALID_MX,95,EMAIL_1_SENT,Campaign 1,1,0,YES,⏳ OUTREACH SENT / WAITING,NO,,NONE,1750.0,15%,262.5,DELIVERED,CLEAN,2026-08-28 12:53:56 UTC,Qualified AI prospect
LEAD-0074,Made by Many London,Partner in Engineering,Product Innovation Studio,GB,London,,hello@madebymany.com,,VALID_MX,95,EMAIL_1_SENT,Campaign 1,1,0,YES,⏳ OUTREACH SENT / WAITING,NO,,NONE,1550.0,15%,232.5,DELIVERED,CLEAN,2026-08-28 12:53:56 UTC,Qualified AI prospect
LEAD-0073,Potato Digital Studio London,Technical Director,Digital Product Studio,GB,London,,hello@p.ota.to,,VALID_MX,95,EMAIL_1_SENT,Campaign 1,1,0,YES,⏳ OUTREACH SENT / WAITING,NO,,NONE,1600.0,15%,240.0,DELIVERED,CLEAN,2026-08-28 12:53:56 UTC,Qualified AI prospect
LEAD-0072,Domani Studios New York,Technical Director,Digital Craft Studio,US,New York,,info@domanistudios.com,,VALID_MX,95,EMAIL_1_SENT,Campaign 1,1,0,YES,⏳ OUTREACH SENT / WAITING,NO,,NONE,1400.0,15%,210.0,DELIVERED,CLEAN,2026-08-28 12:53:56 UTC,Qualified AI prospect
LEAD-0071,Rokkan Digital Agency,Client Services Lead,Digital Strategy & Web,US,New York,,info@rokkan.com,,VALID_MX,95,EMAIL_1_SENT,Campaign 1,1,0,YES,⏳ OUTREACH SENT / WAITING,NO,,NONE,1450.0,15%,217.5,DELIVERED,CLEAN,2026-08-28 12:53:56 UTC,Qualified AI prospect
LEAD-0070,Thoughtbot Boston,Product Strategy Lead,Web & Mobile Development,US,Boston,,hello@thoughtbot.com,,VALID_MX,95,EMAIL_1_SENT,Campaign 1,1,0,YES,⏳ OUTREACH SENT / WAITING,NO,,NONE,1750.0,15%,262.5,DELIVERED,CLEAN,2026-08-28 12:53:56 UTC,Qualified AI prospect
LEAD-0069,Viget Labs Boston,Director of Engineering,Digital Product Studio,US,Boston,,hello@viget.com,,VALID_MX,95,EMAIL_1_SENT,Campaign 1,1,0,YES,⏳ OUTREACH SENT / WAITING,NO,,NONE,1550.0,15%,232.5,DELIVERED,CLEAN,2026-08-28 12:53:56 UTC,Qualified AI prospect
LEAD-0068,One Design Company Chicago,Principal Director,Digital Experience Design,US,Chicago,,hello@onedesigncompany.com,,VALID_MX,95,EMAIL_1_SENT,Campaign 1,1,0,YES,⏳ OUTREACH SENT / WAITING,NO,,NONE,1450.0,15%,217.5,DELIVERED,CLEAN,2026-08-28 12:53:56 UTC,Qualified AI prospect
LEAD-0067,Dogstudio Creative Chicago,Operations Director,Interactive Web Studio,US,Chicago,,hello@dogstudio.co,,VALID_MX,95,EMAIL_1_SENT,Campaign 1,1,0,YES,⏳ OUTREACH SENT / WAITING,NO,,NONE,1400.0,15%,210.0,DELIVERED,CLEAN,2026-08-28 12:53:56 UTC,Qualified AI prospect
LEAD-0066,Teehan+Lax Labs,Technical Partner,Product Engineering,US,San Francisco,,info@teehanlax.com,,VALID_MX,95,EMAIL_1_SENT,Campaign 1,1,0,YES,⏳ OUTREACH SENT / WAITING,NO,,NONE,1550.0,15%,232.5,DELIVERED,CLEAN,2026-08-28 12:53:56 UTC,Qualified AI prospect
LEAD-0065,Hello Design Studio LA,Creative Lead,Digital Product Studio,US,Los Angeles,,info@hellodesign.com,,VALID_MX,95,EMAIL_1_SENT,Campaign 1,1,0,YES,⏳ OUTREACH SENT / WAITING,NO,,NONE,1500.0,15%,225.0,DELIVERED,CLEAN,2026-08-28 12:53:56 UTC,Qualified AI prospect
LEAD-0064,B-Reel Creative Tech,Managing Director,Creative Production & Web,US,Los Angeles,,hello@b-reel.com,,VALID_MX,95,EMAIL_1_SENT,Campaign 1,1,0,YES,⏳ OUTREACH SENT / WAITING,NO,,NONE,1450.0,15%,217.5,DELIVERED,CLEAN,2026-08-28 12:53:56 UTC,Qualified AI prospect
LEAD-0063,Ueno Digital Studio SF,Product Lead,Digital Product Design,US,San Francisco,,hello@ueno.co,,VALID_MX,95,EMAIL_1_SENT,Campaign 1,1,0,YES,⏳ OUTREACH SENT / WAITING,NO,,NONE,1600.0,15%,240.0,DELIVERED,CLEAN,2026-08-28 12:53:56 UTC,Qualified AI prospect
LEAD-0062,BASIC Agency NY/SF,Brand Director,Digital Experience Studio,US,San Francisco,,hello@basicagency.com,,VALID_MX,95,EMAIL_1_SENT,Campaign 1,1,0,YES,⏳ OUTREACH SENT / WAITING,NO,,NONE,1700.0,15%,255.0,DELIVERED,CLEAN,2026-08-28 12:53:56 UTC,Qualified AI prospect
LEAD-0061,Stink Studios NY,Executive Producer,Creative Technology & Web,US,New York,,hello@stinkstudios.com,,VALID_MX,95,EMAIL_1_SENT,Campaign 1,1,0,YES,⏳ OUTREACH SENT / WAITING,NO,,NONE,1500.0,15%,225.0,DELIVERED,CLEAN,2026-08-28 12:53:56 UTC,Qualified AI prospect
LEAD-0060,Area 17 Digital Studios,Managing Director,Brand & Systems Engineering,US,New York,,hello@area17.com,,VALID_MX,95,EMAIL_1_SENT,Campaign 1,1,0,YES,⏳ OUTREACH SENT / WAITING,NO,,NONE,1600.0,15%,240.0,DELIVERED,CLEAN,2026-08-28 12:53:56 UTC,Qualified AI prospect
LEAD-0059,Fantasy Interactive NY,Studio Director,Digital Product Agency,US,New York,,contact@fantasy.co,,VALID_MX,95,EMAIL_1_SENT,Campaign 1,1,0,YES,⏳ OUTREACH SENT / WAITING,NO,,NONE,1650.0,15%,247.5,DELIVERED,CLEAN,2026-08-28 12:53:56 UTC,Qualified AI prospect
LEAD-0058,Instrument Digital Studio,Creative Technology Lead,Digital Brand Studio,US,New York,,hello@instrument.com,,VALID_MX,95,EMAIL_1_SENT,Campaign 1,1,0,YES,⏳ OUTREACH SENT / WAITING,NO,,NONE,1550.0,15%,232.5,DELIVERED,CLEAN,2026-08-28 12:53:56 UTC,Qualified AI prospect
LEAD-0057,Blackrock Medical Specialists,Clinic Lead,Private Medical Clinic,IE,Dublin,,eoin@blackrockmedical.ie,,VALID_MX,95,EMAIL_1_SENT,Campaign 1,1,0,YES,⏳ OUTREACH SENT / WAITING,NO,,NONE,1250.0,15%,187.5,DELIVERED,CLEAN,2026-08-28 12:53:56 UTC,Qualified AI prospect
LEAD-0056,Fitzwilliam Aesthetic Clinic,Clinical Director,Cosmetic Medicine & Surgery,IE,Dublin,,liam@fitzwilliamclinic.ie,,VALID_MX,95,EMAIL_1_SENT,Campaign 1,1,0,YES,⏳ OUTREACH SENT / WAITING,NO,,NONE,1450.0,15%,217.5,DELIVERED,CLEAN,2026-08-28 12:53:56 UTC,Qualified AI prospect
LEAD-0055,Dublin Tech Solutions IE,Engineering Lead,Enterprise Software & Cloud,IE,Dublin,,sean@dublintechsolutions.ie,,VALID_MX,95,EMAIL_1_SENT,Campaign 1,1,0,YES,⏳ OUTREACH SENT / WAITING,NO,,NONE,1350.0,15%,202.5,DELIVERED,CLEAN,2026-08-28 12:53:56 UTC,Qualified AI prospect
LEAD-0054,WebKings Digital Canada,Engineering Lead,Full-Stack Development Studio,CA,Toronto,,info@webkings.ca,,VALID_MX,95,EMAIL_1_SENT,Campaign 1,1,0,YES,⏳ OUTREACH SENT / WAITING,NO,,NONE,1400.0,15%,210.0,DELIVERED,CLEAN,2026-08-28 12:53:56 UTC,Qualified AI prospect
LEAD-0053,Vancouver Solar Energy Power,Commercial Estimator,Solar Energy Solutions,CA,Vancouver,,info@vancouversolar.ca,,VALID_MX,95,EMAIL_1_SENT,Campaign 1,1,0,YES,⏳ OUTREACH SENT / WAITING,NO,,NONE,1200.0,15%,180.0,DELIVERED,CLEAN,2026-08-28 12:53:56 UTC,Qualified AI prospect
LEAD-0052,Pacific Dental Centre BC,Practice Manager,Cosmetic & Restorative,CA,Vancouver,,info@pacificdental.ca,,VALID_MX,95,EMAIL_1_SENT,Campaign 1,1,0,YES,⏳ OUTREACH SENT / WAITING,NO,,NONE,1150.0,15%,172.5,DELIVERED,CLEAN,2026-08-28 12:53:56 UTC,Qualified AI prospect
LEAD-0051,Coal Harbour Dental Clinic,Practice Lead,Aesthetic Dentistry,CA,Vancouver,,info@coalharbourdental.com,,VALID_MX,95,EMAIL_1_SENT,Campaign 1,1,0,YES,⏳ OUTREACH SENT / WAITING,NO,,NONE,1250.0,15%,187.5,DELIVERED,CLEAN,2026-08-28 12:53:56 UTC,Qualified AI prospect
LEAD-0050,Vancouver Dental Group Clinic,Clinical Coordinator,Cosmetic Dentistry,CA,Vancouver,,info@vancouverdentalgroup.com,,VALID_MX,95,EMAIL_1_SENT,Campaign 1,1,0,YES,⏳ OUTREACH SENT / WAITING,NO,,NONE,1200.0,15%,180.0,DELIVERED,CLEAN,2026-08-28 12:53:56 UTC,Qualified AI prospect
LEAD-0049,Bayview Dental Clinic Toronto,Office Coordinator,General & Cosmetic Dental,CA,Toronto,,info@bayviewdental.ca,,VALID_MX,95,EMAIL_1_SENT,Campaign 1,1,0,YES,⏳ OUTREACH SENT / WAITING,NO,,NONE,1100.0,15%,165.0,DELIVERED,CLEAN,2026-08-28 12:53:56 UTC,Qualified AI prospect
LEAD-0048,Yorkville Dental Arts Toronto,Practice Manager,Cosmetic Dentistry,CA,Toronto,,info@yorkvilledentalarts.com,,VALID_MX,95,EMAIL_1_SENT,Campaign 1,1,0,YES,⏳ OUTREACH SENT / WAITING,NO,,NONE,1150.0,15%,172.5,DELIVERED,CLEAN,2026-08-28 12:53:56 UTC,Qualified AI prospect
LEAD-0047,Say Yeah Product Agency,Product Strategy Team,Digital Product Studio,CA,Toronto,,hello@sayyeah.com,,VALID_MX,95,EMAIL_1_SENT,Campaign 1,1,0,YES,⏳ OUTREACH SENT / WAITING,NO,,NONE,1350.0,15%,202.5,DELIVERED,CLEAN,2026-08-28 12:53:56 UTC,Qualified AI prospect
LEAD-0046,Massive Media Vancouver,Agency Principals,Branding & Web Studio,CA,Vancouver,,hello@massivemedia.ca,,VALID_MX,95,EMAIL_1_SENT,Campaign 1,1,0,YES,⏳ OUTREACH SENT / WAITING,NO,,NONE,1400.0,15%,210.0,DELIVERED,CLEAN,2026-08-28 12:53:56 UTC,Qualified AI prospect
LEAD-0045,Richmond Solar Dynamics,Commercial Director,Commercial Solar Systems,AU,Melbourne,,thomas@richmondsolar.com.au,,VALID_MX,95,EMAIL_1_SENT,Campaign 1,1,0,YES,⏳ OUTREACH SENT / WAITING,NO,,NONE,1200.0,15%,180.0,DELIVERED,CLEAN,2026-08-28 12:53:56 UTC,Qualified AI prospect
LEAD-0044,South Yarra Dental Artistry,Clinical Director,Cosmetic & Implant Dentistry,AU,Melbourne,,mia@southyarradental.com.au,,VALID_MX,95,EMAIL_1_SENT,Campaign 1,1,0,YES,⏳ OUTREACH SENT / WAITING,NO,,NONE,1200.0,15%,180.0,DELIVERED,CLEAN,2026-08-28 12:53:56 UTC,Qualified AI prospect
LEAD-0043,North Sydney Property Advisory,Senior Partner,Commercial Real Estate,AU,Sydney,,wkelly@northsydneyproperty.com.au,,VALID_MX,95,EMAIL_1_SENT,Campaign 1,1,0,YES,⏳ OUTREACH SENT / WAITING,NO,,NONE,1400.0,15%,210.0,DELIVERED,CLEAN,2026-08-28 12:53:56 UTC,Qualified AI prospect
LEAD-0042,Brisbane Digital Innovation,Technical Director,Web & SaaS Development,AU,Brisbane,,info@brisbanedigital.com.au,,VALID_MX,95,EMAIL_1_SENT,Campaign 1,1,0,YES,⏳ OUTREACH SENT / WAITING,NO,,NONE,1300.0,15%,195.0,DELIVERED,CLEAN,2026-08-28 12:53:56 UTC,Qualified AI prospect
LEAD-0041,Polar Web Design Sydney,Management Team,Web Development & Growth Studio,AU,Sydney,,info@polarwebdesign.com.au,,VALID_MX,95,EMAIL_1_SENT,Campaign 1,1,0,YES,⏳ OUTREACH SENT / WAITING,NO,,NONE,1350.0,15%,202.5,DELIVERED,CLEAN,2026-08-28 12:53:56 UTC,Qualified AI prospect
LEAD-0040,Crown Sydney Prestige Dining,Concierge Services,Luxury Hospitality & Dining,AU,Sydney,,reservations@crownsydney.com.au,,VALID_MX,95,EMAIL_1_SENT,Campaign 1,1,0,YES,⏳ OUTREACH SENT / WAITING,NO,,NONE,1500.0,15%,225.0,DELIVERED,CLEAN,2026-08-28 12:53:56 UTC,Qualified AI prospect
LEAD-0039,Energy Matters Australia,Operations Team,Renewable Energy Systems,AU,Melbourne,,info@energymatters.com.au,,VALID_MX,95,EMAIL_1_SENT,Campaign 1,1,0,YES,⏳ OUTREACH SENT / WAITING,NO,,NONE,1250.0,15%,187.5,DELIVERED,CLEAN,2026-08-28 12:53:56 UTC,Qualified AI prospect
LEAD-0038,Solar Choice Australia,Commercial Sales Lead,Commercial Solar,AU,Sydney,,sales@solarchoice.net.au,,VALID_MX,95,EMAIL_1_SENT,Campaign 1,1,0,YES,⏳ OUTREACH SENT / WAITING,NO,,NONE,1350.0,15%,202.5,DELIVERED,CLEAN,2026-08-28 12:53:56 UTC,Qualified AI prospect
LEAD-0037,Prime Law Group Sydney,Principal Solicitors,Commercial Law Practice,AU,Sydney,,info@primelaw.com.au,,VALID_MX,95,EMAIL_1_SENT,Campaign 1,1,0,YES,⏳ OUTREACH SENT / WAITING,NO,,NONE,1450.0,15%,217.5,DELIVERED,CLEAN,2026-08-28 12:53:56 UTC,Qualified AI prospect
LEAD-0036,Collins Dental Image Melbourne,Practice Lead,Aesthetic Dentistry,AU,Melbourne,,info@collinsdentalimage.com.au,,VALID_MX,95,EMAIL_1_SENT,Campaign 1,1,0,YES,⏳ OUTREACH SENT / WAITING,NO,,NONE,1100.0,15%,165.0,DELIVERED,CLEAN,2026-08-28 12:53:56 UTC,Qualified AI prospect
LEAD-0035,Melbourne Dental Studio AU,Clinical Lead,Implant Dentistry,AU,Melbourne,,info@melbournedentalstudio.com.au,,VALID_MX,95,EMAIL_1_SENT,Campaign 1,1,0,YES,⏳ OUTREACH SENT / WAITING,NO,,NONE,1200.0,15%,180.0,DELIVERED,CLEAN,2026-08-28 12:53:56 UTC,Qualified AI prospect
LEAD-0034,Bondi Dental Practice,Practice Manager,Cosmetic Dentistry,AU,Sydney,,info@bondidental.com.au,,VALID_MX,95,EMAIL_1_SENT,Campaign 1,1,0,YES,⏳ OUTREACH SENT / WAITING,NO,,NONE,1150.0,15%,172.5,DELIVERED,CLEAN,2026-08-28 12:53:56 UTC,Qualified AI prospect
LEAD-0033,Sydney Design Studio,Studio Head,Web Design & Branding,AU,Sydney,,info@sydneydesignagency.com.au,,VALID_MX,95,EMAIL_1_SENT,Campaign 1,1,0,YES,⏳ OUTREACH SENT / WAITING,NO,,NONE,1100.0,15%,165.0,DELIVERED,CLEAN,2026-08-28 12:53:56 UTC,Qualified AI prospect
LEAD-0032,Blick Creative Agency AU,Creative Directors,Creative Studio & Web,AU,Melbourne,,info@blickcreative.com.au,,VALID_MX,95,EMAIL_1_SENT,Campaign 1,1,0,YES,⏳ OUTREACH SENT / WAITING,NO,,NONE,950.0,15%,142.5,DELIVERED,CLEAN,2026-08-28 12:53:56 UTC,Qualified AI prospect
LEAD-0031,Humaan Digital Studio,Founders & Team,Digital Experience Agency,AU,Perth,,hello@humaan.com,,VALID_MX,95,EMAIL_1_SENT,Campaign 1,1,0,YES,⏳ OUTREACH SENT / WAITING,NO,,NONE,1400.0,15%,210.0,DELIVERED,CLEAN,2026-08-28 12:53:56 UTC,Qualified AI prospect
LEAD-0030,Santa Monica Holistic Center,Director of Care,Holistic Wellness & Recovery,US,Los Angeles,,miles@santamonicawellness.com,,VALID_MX,95,EMAIL_1_SENT,Campaign 1,1,0,YES,⏳ OUTREACH SENT / WAITING,NO,,NONE,900.0,15%,135.0,DELIVERED,CLEAN,2026-08-28 12:53:56 UTC,Qualified AI prospect
LEAD-0029,Texas Hill Country Realty,Principal Broker,Luxury Ranch & Estate Properties,US,Austin,,wyatt@texashillcountryrealty.com,,VALID_MX,95,EMAIL_1_SENT,Campaign 1,1,0,YES,⏳ OUTREACH SENT / WAITING,NO,,NONE,1550.0,15%,232.5,DELIVERED,CLEAN,2026-08-28 12:53:56 UTC,Qualified AI prospect
LEAD-0028,Austin Solar & Power Systems,Commercial Lead,Commercial Solar Systems,US,Austin,,mason@austinsolarpower.com,,VALID_MX,95,EMAIL_1_SENT,Campaign 1,1,0,YES,⏳ OUTREACH SENT / WAITING,NO,,NONE,1300.0,15%,195.0,DELIVERED,CLEAN,2026-08-28 12:53:56 UTC,Qualified AI prospect
LEAD-0027,Beverly Hills Aesthetics Institute,Surgical Director,Plastic Surgery & MedSpa,US,Los Angeles,,drsterling@beverlyhillsaesthetics.com,,VALID_MX,95,EMAIL_1_SENT,Campaign 1,1,0,YES,⏳ OUTREACH SENT / WAITING,NO,,NONE,1900.0,15%,285.0,DELIVERED,CLEAN,2026-08-28 12:53:56 UTC,Qualified AI prospect
LEAD-0026,Beverly Hills Dental Lab LA,Director,Aesthetic Dentistry,US,Los Angeles,,info@beverlyhillsdentallab.com,,VALID_MX,95,EMAIL_1_SENT,Campaign 1,1,0,YES,⏳ OUTREACH SENT / WAITING,NO,,NONE,1300.0,15%,195.0,DELIVERED,CLEAN,2026-08-28 12:53:56 UTC,Qualified AI prospect
LEAD-0025,SF App Works Studio,Product Director,Mobile & Web Engineering,US,San Francisco,,contact@sfappworks.com,,VALID_MX,95,EMAIL_1_SENT,Campaign 1,1,0,YES,⏳ OUTREACH SENT / WAITING,NO,,NONE,1500.0,15%,225.0,DELIVERED,CLEAN,2026-08-28 12:53:56 UTC,Qualified AI prospect
LEAD-0024,Manhattan MedSpa Group,Clinical Director,Medical Aesthetics & Laser,US,New York,,info@manhattanmedspa.com,,VALID_MX,95,EMAIL_1_SENT,Campaign 1,1,0,YES,⏳ OUTREACH SENT / WAITING,NO,,NONE,1350.0,15%,202.5,DELIVERED,CLEAN,2026-08-28 12:53:56 UTC,Qualified AI prospect
LEAD-0023,Tribeca Dental Studio NY,Practice Manager,Cosmetic Dentistry,US,New York,,info@tribecadentalstudio.com,,VALID_MX,95,EMAIL_1_SENT,Campaign 1,1,0,YES,⏳ OUTREACH SENT / WAITING,NO,,NONE,1200.0,15%,180.0,DELIVERED,CLEAN,2026-08-28 12:53:56 UTC,Qualified AI prospect
LEAD-0022,Code and Theory NY,Tech Lead,Creative Tech Agency,US,New York,,info@codeandtheory.com,,VALID_MX,95,EMAIL_1_SENT,Campaign 1,1,0,YES,⏳ OUTREACH SENT / WAITING,NO,,NONE,1600.0,15%,240.0,DELIVERED,CLEAN,2026-08-28 12:53:56 UTC,Qualified AI prospect
LEAD-0021,Huge Inc Digital Tech,Studio Directors,Creative Technology & Web,US,New York,,hello@hugeinc.com,,VALID_MX,95,EMAIL_1_SENT,Campaign 1,1,0,YES,⏳ OUTREACH SENT / WAITING,NO,,NONE,1650.0,15%,247.5,DELIVERED,CLEAN,2026-08-28 12:53:56 UTC,Qualified AI prospect
LEAD-0020,Postlight Digital Systems,Engineering Partners,Digital Systems Architecture,US,New York,,hello@postlight.com,,VALID_MX,95,EMAIL_1_SENT,Campaign 1,1,0,YES,⏳ OUTREACH SENT / WAITING,NO,,NONE,1750.0,15%,262.5,DELIVERED,CLEAN,2026-08-28 12:53:56 UTC,Qualified AI prospect
LEAD-0019,Soho Media Production,Executive Producer,Visual Media & Web Production,GB,London,,production@sohomedia.co.uk,,VALID_MX,95,EMAIL_1_SENT,Campaign 1,1,0,YES,⏳ OUTREACH SENT / WAITING,NO,,NONE,1200.0,15%,180.0,DELIVERED,CLEAN,2026-08-28 12:53:56 UTC,Qualified AI prospect
LEAD-0018,Kensington Dental Spa,Clinic Coordinator,Cosmetic Dental Artistry,GB,London,,reception@kensingtondental.co.uk,,VALID_MX,95,EMAIL_1_SENT,Campaign 1,1,0,YES,⏳ OUTREACH SENT / WAITING,NO,,NONE,1250.0,15%,187.5,DELIVERED,CLEAN,2026-08-28 12:53:56 UTC,Qualified AI prospect
LEAD-0017,Cambridge Digital Advisory,Managing Consultant,Enterprise Technology Advisory,GB,Cambridge,,info@cambridgedigital.co.uk,,VALID_MX,95,EMAIL_1_SENT,Campaign 1,1,0,YES,⏳ OUTREACH SENT / WAITING,NO,,NONE,1500.0,15%,225.0,DELIVERED,CLEAN,2026-08-28 12:53:56 UTC,Qualified AI prospect
LEAD-0016,Oxford BioTech Communications,Communications Head,Life Science Web Portals,GB,Oxford,,info@oxfordbiotech.co.uk,,VALID_MX,95,EMAIL_1_SENT,Campaign 1,1,0,YES,⏳ OUTREACH SENT / WAITING,NO,,NONE,1550.0,15%,232.5,DELIVERED,CLEAN,2026-08-28 12:53:56 UTC,Qualified AI prospect
LEAD-0015,Birmingham Commercial Legal,Partner in Charge,Corporate & Commercial Law,GB,Birmingham,,enquiries@birminghamlaw.co.uk,,VALID_MX,95,EMAIL_1_SENT,Campaign 1,1,0,YES,⏳ OUTREACH SENT / WAITING,NO,,NONE,1450.0,15%,217.5,DELIVERED,CLEAN,2026-08-28 12:53:56 UTC,Qualified AI prospect
LEAD-0014,Manchester Digital Labs,Technical Director,Digital Technology Studio,GB,Manchester,,info@manchesterdigital.com,,VALID_MX,95,EMAIL_1_SENT,Campaign 1,1,0,YES,⏳ OUTREACH SENT / WAITING,NO,,NONE,1400.0,15%,210.0,DELIVERED,CLEAN,2026-08-28 12:53:56 UTC,Qualified AI prospect
LEAD-0013,East Village Dental London,Practice Manager,Cosmetic & Family Dentistry,GB,London,,reception@eastvillagedental.co.uk,,VALID_MX,95,EMAIL_1_SENT,Campaign 1,1,0,YES,⏳ OUTREACH SENT / WAITING,NO,,NONE,1200.0,15%,180.0,DELIVERED,CLEAN,2026-08-28 12:53:56 UTC,Qualified AI prospect
LEAD-0012,Grow Up Digital UK,Studio Principals,Web Design & Growth Studio,GB,London,,info@growupdigital.co.uk,,VALID_MX,95,EMAIL_1_SENT,Campaign 1,1,0,YES,⏳ OUTREACH SENT / WAITING,NO,,NONE,1350.0,15%,202.5,DELIVERED,CLEAN,2026-08-28 12:53:56 UTC,Qualified AI prospect
LEAD-0011,The Goring Prestige Dining,General Manager,Prestige Hospitality & Dining,GB,London,,reception@thegoring.com,,VALID_MX,95,EMAIL_1_SENT,Campaign 1,1,0,YES,⏳ OUTREACH SENT / WAITING,NO,,NONE,1250.0,15%,187.5,DELIVERED,CLEAN,2026-08-28 12:53:56 UTC,Qualified AI prospect
LEAD-0010,Mint Digital Product Lab,Client Services Lead,Web & Mobile Studio,GB,London,,hello@mintdigital.com,,VALID_MX,95,EMAIL_1_SENT,Campaign 1,1,0,YES,⏳ OUTREACH SENT / WAITING,NO,,NONE,1300.0,15%,195.0,DELIVERED,CLEAN,2026-08-28 12:53:56 UTC,Qualified AI prospect
LEAD-0009,Richmond Dental Care Suite,Practice Lead,Cosmetic Dentistry,GB,London,,info@richmonddentalsuite.co.uk,,VALID_MX,95,EMAIL_1_SENT,Campaign 1,1,0,YES,⏳ OUTREACH SENT / WAITING,NO,,NONE,1150.0,15%,172.5,DELIVERED,CLEAN,2026-08-28 12:53:56 UTC,Qualified AI prospect
LEAD-0008,Mayfair Aesthetics Laser Clinic,Clinical Director,Aesthetic Medicine & Laser,GB,London,,info@mayfairaesthetics.co.uk,,VALID_MX,95,EMAIL_1_SENT,Campaign 1,1,0,YES,⏳ OUTREACH SENT / WAITING,NO,,NONE,1400.0,15%,210.0,DELIVERED,CLEAN,2026-08-28 12:53:56 UTC,Qualified AI prospect
LEAD-0007,London IP Law Chambers,Senior Partner,IP & Corporate Law Practice,GB,London,,info@londonip.com,,VALID_MX,95,EMAIL_1_SENT,Campaign 1,1,0,YES,⏳ OUTREACH SENT / WAITING,NO,,NONE,1500.0,15%,225.0,DELIVERED,CLEAN,2026-08-28 12:53:56 UTC,Qualified AI prospect
LEAD-0006,Ten Health & Physiotherapy,Operations Lead,Physiotherapy & Performance Studio,GB,London,,info@ten.co.uk,,VALID_MX,95,EMAIL_1_SENT,Campaign 1,1,0,YES,⏳ OUTREACH SENT / WAITING,NO,,NONE,950.0,15%,142.5,DELIVERED,CLEAN,2026-08-28 12:53:56 UTC,Qualified AI prospect
LEAD-0005,Cyber-Duck Digital UX,Agency Directors,Digital Agency & Web Transformation,GB,London,,info@cyber-duck.co.uk,,VALID_MX,95,EMAIL_1_SENT,Campaign 1,1,0,YES,⏳ OUTREACH SENT / WAITING,NO,,NONE,1600.0,15%,240.0,DELIVERED,CLEAN,2026-08-28 12:53:56 UTC,Qualified AI prospect
LEAD-0004,Kyan Technology Studios,Managing Director,Digital Product & Web Studio,GB,London,,hello@kyan.com,,VALID_MX,95,EMAIL_1_SENT,Campaign 1,1,0,YES,⏳ OUTREACH SENT / WAITING,NO,,NONE,1450.0,15%,217.5,DELIVERED,CLEAN,2026-08-28 12:53:56 UTC,Qualified AI prospect
LEAD-0002,Promenade Beach Bar,Business Owner,restaurant,AU,,https://www.promenadebondibeach.com/,gday@promenadebondibeach.com,,VALID_MX,95,NEW_LEAD,Campaign 2,0,0,NO,📋 READY FOR OUTREACH,NO,,NONE,714.0,10%,71.4,PENDING,CLEAN,2026-08-28 12:53:56 UTC,"Confirmed gap: ONLINE_ORDERING. both agents agree: The site lacks any ordering system, preventing customers from placing take‑away or delivery orders, which is essential for a beach bar targeting on‑site and remote diners. Impact: Loses 10‑15% of potential revenue from tourists and locals who would otherwise order online."
LEAD-0001,Glory Days Bondi,Business Owner,restaurant,AU,,https://glorydaysbondi.com.au/,events@glorydaysbondi.com.au,,VALID_MX,95,NEW_LEAD,Campaign 2,0,0,NO,📋 READY FOR OUTREACH,NO,,NONE,714.0,10%,71.4,PENDING,CLEAN,2026-08-28 12:53:56 UTC,"Confirmed gap: ONLINE_ORDERING. both agents agree: A restaurant without an online ordering system forces diners to call or use third‑party platforms, missing direct sales and increasing friction. Impact: Loses up to 30% of potential take‑away revenue to commission‑heavy aggregators."
LEAD-0003,Skittle Lane,Business Owner,cafe,AU,,https://skittlelane.com/pages/locations,info@skittlelane.com,,VALID_MX,95,NEW_LEAD,Campaign 2,0,0,NO,📋 READY FOR OUTREACH,NO,,NONE,500.0,10%,50.0,PENDING,CLEAN,2026-08-28 12:53:56 UTC,"Confirmed gap: MENU_OR_PRICING. both agents agree: The site only lists locations and lacks any menu or price information, preventing customers from reviewing offerings before visiting. Impact: Potential diners skip the cafe, costing estimated 10‑15% loss in foot traffic and sales."
